PCA1,PCA2
-2.3069318279897484,-0.5919360956682675
2.708322858689616,0.06949790044459134
1.0740494990766694,0.15114231932516012
-0.16434476111900223,-0.04342206606473192
1.3766355712445135,0.28047724859519185
6.945028825385525,-0.4052942928893965
-0.16462746511949466,0.7809644152012344
-5.148325910327666,-0.21531129325691084
-1.293358638681575,-0.20400192966756084
-3.026448151158835,0.17788379398069548
